,Title,Website,Description,Link
0,Mở khóa xóa knox Samsung Galaxy Z Flip 5 remove MDM ...,YouTube,6 ngày trước — ... Knox Galaxy Z Flip 5 online qua TeamViewer cho khách hàng ở xa. Xem thêm chi tiết: https://unlockaz.com/unlock-samsung-galaxy-z-flip-5-thanh-cong-100/ Clip ...,https://www.youtube.com/watch?v=cgRRLGCjK1o
1,SAMSUNG KG UNLOCK ALL CPU ALL ANDROID IMEI ...,YouTube,5 ngày trước — SAMSUNG KG UNLOCK ALL CPU ALL ANDROID IMEI THRU | Google Chacha WhatsAp No. +919797508786 Join Chanel https://t.me/GoogleChacha2 #SamsungKg2024 ...,https://www.youtube.com/watch?v=vJvZB3wq2oU
2,Xoá Knox Samsung - Tận Gốc - Khôi Phục Máy Nguyên Bản,Thành Trung Mobile,7 ngày trước — Xoá Knox Samsung đơn giản. Hướng dẫn chi tiết cách xóa Knox Samsung tại ... Dịch vụ unlock · icon-tablet Sửa chữa máy tính bảng · iPad · Samsung Galaxy Tab ...,https://thanhtrungmobile.vn/02-cach-giup-ban-vut-bo-knox-khoi-dien-thoai-samsung-p24373.html?srsltid=AfmBOorJhwO6F7kiEKdUWe6aKOpJohDbRKF4tO45Xo45RWLcJVs8yoWk
3,"Samsung KG, Knox, MDM Unlock Service ...",YouTube,"2 ngày trước — Samsung KG, Knox, MDM Unlock Service, Samsung A22, A225F, A225M, A225N. No ... Samsung A14 5g Kg mdm Unlock Permanent New Security Via Usb Only Free Tool Zeroknox ...",https://www.youtube.com/watch?v=MfvtBXTWfvc
4,How to KG Unlock samsung galaxy z flip 3 on Android 13?,XDA Forums,5 ngày trước — Question How to KG Unlock samsung galaxy z flip 3 on Android 13? Thread starter User400; Start date Yesterday at 10:59 PM.,https://xdaforums.com/t/how-to-kg-unlock-samsung-galaxy-z-flip-3-on-android-13.4686853/
5,[Solved] What Is Knox Enrollment Service & How to Remove,Tenorshare,"4 ngày trước — It is also the best Android unlocker that can unlock locked screens without losing data for early Samsung devices. It is quick and safe, as it can bypass the ...",https://www.tenorshare.com/unlock-android/knox-enrollment-service.html
6,TSM TOOL | Remove Samsung KG/MDM,Facebook,1 ngày trước — Remove Samsung KG/MDM Galaxy S23 SM-S911U BIT3 android 14 Method ... ✓꧂UNLOCK TOOL FREE꧂✓. 89K members. Join · Mobile Phone Unlock ...,https://m.facebook.com/groups/230987493378548/posts/370058459471450/
7,SAMSUNG KG REMOVING NEW SECURITY ANDROID 14,YouTube,6 giờ trước — ... samsung bypass remove every iphone locked samsung phone locked out phone locked how to unlock. SAMSUNG KG REMOVING NEW SECURITY ANDROID 14 ... ...  ...,https://www.youtube.com/watch?v=0UwWbBk9KJg
8,KG/MDM Unlock Solution,Facebook,"1 ngày trước — Almost Samsung Fix Rom Knox. Message seller. Almost Samsung Fix Rom ... Keshav Pande changed the name of the group ""KG Solution"" to ""KG/MDM Unlock Solution"".",https://www.facebook.com/groups/1112615992168978/posts/7933670040063505/
9,Samsung Galaxy A04s kg mdm issue [Answered],GSM-Forum,21 giờ trước — Choose unlock method! QR code method choosen! Please check device using this QR before unlocking! Follow these steps : 1. In Android Setup Wizard mode tap ...,https://forum.gsmhosting.com/vbb/f684/samsung-galaxy-a04s-kg-mdm-issue-answered-3329521/
10,Samsung s22 Plus SM-S906B KG Bypass/ Unlock (Android ...,YouTube,2 ngày trước — I willl show you how to bypass KG lock. Software here: https://androidfilehost.com/?fid=10620683726822087091 Samsung s22 Plus SM-S906B KB Bypass/  ...,https://www.youtube.com/watch?v=SjosahumZ6Y
11,"Device Management Unlock, Kg, Knox, Sam A13, A14 ...",PicClick,"1 ngày trước — DEVICE MANAGEMENT UNLOCK, Kg, Knox, Sam A13, A14, A03S, A22, A42, A05, A24 - $55.00. FOR SALE! Sam A13, A14, A03S, A22, A42, A05, A24, A34, A10S, A02, A12, ...",https://picclick.com/Device-Management-Unlock-Kg-Knox-Sam-A13-A14-395603824087.html
12,Home - MDMfile,,4 ngày trước — Samsung A057f u4 MDM kg remove Knox lock no need ISP unlock tool support. for … samsung bypass hide factory reset · Samsung KG MDM Super Bypass hide factory ...,https://remove.mdmfile.com/home/
13,all Samsung kg lock bypass Griffin unlock tool Android ...,YouTube,3 ngày trước — all Samsung kg lock bypass Griffin unlock tool Android version 14 new method / India pahila tool 14 Griffin unlock tool links  ...,https://www.youtube.com/watch?v=jPuXPUTcvD4
14,Unlock mở khóa điện thoại giá rẻ - Tây Thục Mobile,unlockdienthoai24h.com,4 ngày trước — Trung tâm unlock điện thoại iPhone iPad Samsung Sony LG Oppo Xiaomi Huawei và tất cả dòng máy khác giá rẻ lấy liền ở tphcm.,https://unlockdienthoai24h.com/
15,Unlock Awesome with the Samsung Galaxy A35 5G! ...,Instagram,"3 ngày trước — 13 likes, 0 comments - mysoftlogic.lk on July 8, 2024: ""Unlock Awesome with the Samsung Galaxy A35 5G! Experience blazing-fast speeds, secured by Samsung Knox ...",https://www.instagram.com/p/C9MCTrkgMaT/?locale=%E5%AE%9A%E5%88%B6%E7%BC%85%E7%94%B8GobaA1%2BTG%2F%E9%A3%9E%E6%9C%BA%3A%40buth2788%E3%80%97elVzT
16,How to Set Up Samsung Kids and Unlock Safe Digital ...,SammyGuru,"7 ngày trước — Galaxy S25 Ultra Mystery Box Sign Up Now Open! How to Set Up Samsung Kids and Unlock Safe Digital Adventures. by Sumit Adhikari | Aug 13, 2024 | Tutorial.",https://sammyguru.com/how-to-set-up-samsung-kids-and-unlock-safe-digital-adventures/
17,mdm samsung,OLX Ukraine,21 giờ trước — ... Разблокировка unlock Samsung KNOX Cloud MDM Lost KG locked лизинг. Івано-Франківськ. 17 серпня 2024 р.,https://www.olx.ua/uk/list/q-mdm-samsung/?srsltid=AfmBOopqpo096s6w56ttbgknwjPa_ZzHmleV7GrrmttNtfDs7SgWau2-
18,Samsung Knox Vault,Media Infoline,"3 ngày trước — Samsung Galaxy A55|A35 5G unlock a visual spectacle featuring Samsung Knox Vault · MediaInfolineAug 07, 2024. Cheil India has just unveiled a breath-taking ...",https://www.mediainfoline.com/tag/samsung-knox-vault
19,"Đắm chìm trong thế giới Galaxy đỉnh nóc, kịch trần với ...",TikTok,7 ngày trước — ... Samsung Knox Vault trên Galaxy A55 | A35 5G. #Samsung #GalaxyA35 5G ... How to Unlock Phone If U Forgot Password Samsung A32 5g · Pano Tanggalin Ang ...,https://www.tiktok.com/@samsungvietnam/video/7402537017344625926
20,Samsung Kenya | Unlock the power of language with ...,Instagram,"6 ngày trước — 38 likes, 0 comments - samsungkenya，August 13, 2024 : ""Unlock the power of language with the #GalaxyZFlip6 interpreter mode on Flex Window that translates ...",https://www.instagram.com/p/C-ngve6N2JG/?locale=zh_CN
21,7 sleep and health benefits of Galaxy Watch Ultra,Samsung Business Insights,"4 ngày trước — Samsung's latest Galaxy Watch Ultra is the wearable you need to unlock your full potential. ... Knox Manage, Samsung's cross-platform enterprise mobility ...",https://insights.samsung.com/2024/08/16/7-sleep-and-health-benefits-of-galaxy-watch-ultra/
22,Samsung Galaxy offers Up to ₹8 crore reward for ...,Kerala Kaumudi,"1 ngày trước — Samsung's Knox Vault is designed to securely store cryptographic keys, mobile device data and biometric information. For those able to unlock a previously ...",https://keralakaumudi.com/en/news/lifestyle/general/samsung-galaxy-offers-up-to-%E2%82%B98-crore-reward-for-discovering-security-vulnerabilities-1366869
23,Samsung Galaxy A04s kg mdm issue [Answered],GSM-Forum,21 giờ trước — Choose unlock method! QR code method choosen! Please check device using this QR before unlocking! Follow these steps : 1. In Android Setup Wizard mode tap ...,https://forum.gsmhosting.com/vbb/f684/samsung-galaxy-a04s-kg-mdm-issue-answered-3329521/
24,"Đắm chìm trong thế giới Galaxy đỉnh nóc, kịch trần với ...",TikTok,7 ngày trước — ... Samsung Knox Vault trên Galaxy A55 | A35 5G. #Samsung #GalaxyA35 5G ... How to Unlock Phone If U Forgot Password Samsung A32 5g · Pano Tanggalin Ang ...,https://www.tiktok.com/@samsungvietnam/video/7402537017344625926
25,объявления в Украине - unlock samsung,OLX Ukraine,4 ngày trước — 14 августа 2024 г. Разблокировка unlock Samsung KNOX Cloud MDM Lost KG locked лизинг. Ивано ...,https://www.olx.ua/list/q-unlock-samsung/?srsltid=AfmBOooys44E9cImWn_5pGBVZ2OeSp0LdY9kmvxgvmKO3uZ3DkZDGEcd
26,unlock lost mode Galaxy Note10 các dòng Samsung khóa ...,YouTube,6 ngày trước — remove FRP lock Samsung Galaxy Android 12 13 14... support Samsung Exynos Qualcomm Mediatek unlock remove bypass KG locked MDM Knox - unlock Please Call Me - ...,https://www.youtube.com/watch?v=HvVqC8gP3to
27,Samsung Galaxy A15 5G Smartphone | View Specs,Samsung,"4,2
(729) · 179,00 £ · Còn hàng",https://www.samsung.com/uk/smartphones/galaxy-a/galaxy-a15-5g-blue-black-128gb-sm-a156bzkdeub/?srsltid=AfmBOopDLkLyZpeOPdEfPwn0rXCQsIx8V5ahTAJPUcSl279_Nd3rUvkH
28,How to Remove Payjoy App without Pc on A Samsung ...,TikTok,16 giờ trước — Samsung 4k Monitor · Samsung Aesthetic Lock Screen · Fine Lock for Samsung · Samsung A14 5g Kg Unlock · How to Unlock Mkopa Samsung A14 Permanently · Smart Lock ...,https://www.tiktok.com/discover/how-to-remove-payjoy-app-without-pc-on-a-samsung-galaxy-a04e
29,"Samsung Galaxy A35 5G, Android Smartphone, Dual SIM ...",Amazon.ae,"4,2
(80) · 964,30 AED · Còn hàng",https://www.amazon.ae/Samsung-Android-Smartphone-Storage-Awesome/dp/B0CX979RHS
30,Bảo mật toàn diện từ dữ liệu cá nhân đến những nguy cơ ...,TikTok - Make Your Day,7 ngày trước — How to Unlock Phone If U Forgot Password Hisense · How to Unlock Phone If U Forgot Password on Samsung S21 · How to Unlock Phone If U Forgot Password Huawei.,https://www.tiktok.com/@samsungvietnam/video/7402490993313959173
31,️15/08/2024⭐️Unisoc: 350+ new models are supported,GSM-Forum,5 ngày trước — ... unlock bootloader via EUB MODE then i flash mdm file U4 get fail then. KG BROKEN OEM ON i try to flash official firmware but it say MDM CANT download i try ...,https://forum.gsmhosting.com/vbb/f898/07-06-2024-samsung-reset-battery-status-various-fixes-2819592-post14921105/
32,samsung,XDA Forums,7 ngày trước — ... unlock option i can unlock it temporarily but shows error when trying ... knox samsung tab; Replies: 1; Forum: Samsung Galaxy Tab S9 series · L. Thread ...,https://xdaforums.com/tags/samsung/
33,SamFw FRP Tool 4.9 Free Download [Latest Version],Tenorshare,"4 ngày trước — Part 3: Best Alternative of SamFw FRP Tool [Android Unlock/FRP Bypass] · Download and install Tenorshare Samsung FRP Tool on your PC. · On the next screen, select ...",https://www.tenorshare.com/unlock-android/samfw-frp-tool.html
34,AR SOLUTION HUB,YouTube,4 ngày trước — Samsung All Model Android 14 KG MDM Unlock Solution S23 S911B U5 KG Unlock #kglock #mdm. 1.2K views. 1 month ago · 8:53 · SAMSUNG A23 KG UNLOCK PERMANENT U5 ...,https://m.youtube.com/@arsolutionhub3637
35,SOURCE FOR UNLOCK,SOURCE FOR UNLOCK,3 ngày trước — ... Unlock Samsung KG & Carrier bypass · TFM TOOL PRO TEAM EMC Passcode New ... Sprint Open Menu iCloud Remove (New) MFK RAMDISK MDM Knox enrollment services ...,https://www.sourceforunlock.com/
36,Up Rom Quốc Tế Nubia Red Magic 9 Pro,Tây Thục Mobile,5 ngày trước — Unlock Samsung Galaxy S22 Ultra 5G Xách Tay Mỹ. Địa chỉ cung cấp dịch vụ ... Dịch vụ xóa Knox Grab Samsung Galaxy A54 bị khóa trả góp Nhằm khắc phục ...,https://suachuaphanmem.vn/up-rom-quoc-te-nubia-red-magic-9-pro-global-rom-nx769j/
37,Sự kiện gì sẽ khiến Samsung và Hà Nội trở nên đặc biệt ...,TikTok,2 ngày trước — ... Samsung Knox Vault trên Galaxy A55 | A35 5G. #Samsung #GalaxyA35 5G ... How to Unlock Samsung A13 Forgot Password · Pano Tanggalin Ang Password Ng ...,https://www.tiktok.com/@samsungvietnam/video/7404277932069260550
38,Samsung Kids Archives,SammyGuru,"7 ngày trước — How to Set Up Samsung Kids and Unlock Safe Digital Adventures. by Sumit ... Knox security August 16, 2024; Samsung Rolls Out August Security Update for ...",https://sammyguru.com/tag/samsung-kids/
39,Tag: Samsung,sauce stuff,"5 ngày trước — ... Samsung Knox Vault, for the … ... Celebrate Hari Raya In Style: RM300 Instant Savings on Galaxy Tab S9 and Tab S9 FE. Unlock exclusive savings on Samsung Galaxy ...",https://saucestuff.com/tag/samsung/
40,Root access for Fold 6 - complete noob to doing this,Reddit,"5 ngày trước — Below is a concise guide on how to root a Samsung device using Magisk, Magisk Manager, and Odin. Prerequisites: Unlock Bootloader: Ensure your device's ...",https://www.reddit.com/r/GalaxyFold/comments/1essdtm/root_access_for_fold_6_complete_noob_to_doing_this/
41,Samsung Knox Vault Archives,YugaTech,"2 ngày trước — Samsung Galaxy A06 now official. govt-apps. Samsung Galaxy A06 now official ... Unlock Hidden TV Shows, Movies · Best Selling Phones of All Time · New Metro ...",https://www.yugatech.com/tag/samsung-knox-vault/
42,Samsung Galaxy Z Fold 6 and Z Flip 6 Boost AI Capabilities,TeckNexus,"5 ngày trước — Both Galaxy Z Fold6 and Z Flip6 are secured by Samsung Knox, a multi-layer security platform.",https://tecknexus.com/samsung-galaxy-z-fold-6-and-z-flip-6-boost-ai-capabilities/
43,ChimeraTool download,ChimeraTool,"5 ngày trước — ... Unlock / Relock Bootloader, Restore / Store backup, Advanced Update Firmware. List of SoCs and models we support now: SC7731E. Ace Buzz 2 Lite, Buzz 3 Lite ...",https://chimeratool.com/es/download
44,Samsung Galaxy A35 | 6GB | 128GB | 5G | Ice Blue,Harvey Norman Ireland,"4,3
(149) · 399,00 € · Còn hàng",https://www.harveynorman.ie/mobile-phones/sim-free-phones/samsung-galaxy-a35-6gb-128gb-5g-ice-blue.html
45,Samsung Galaxy Watch Ultra 47mm (L705F),Electromart Ghana,"5 ngày trước — Personalized tips to unlock the best you. Show more. More precise Heart Rate ... Additional information. Weight, 2 kg. Reviews. There are no reviews yet. Be ...",https://www.electromart.com.gh/product/samsung-galaxy-watch-ultra-l705f/
46,UMT - [15-08-24] UMTv2/UMTPro QcFire v10.6 - Samsung ...,Martview-Forum,4 ngày trước — - Xiaomi Free Auth Service (bypass). - Mi Account Reset without Relock - Mi Account Patch on Flashing (EDL/Fastboot) - Samsung MDM Unlock in EDL Mode - ...,https://www.martview-forum.com/threads/15-08-24-umtv2-umtpro-qcfire-v10-6-samsung-continues.117153/
47,"Samsung Galaxy A35 5G, Android Smartphone, Dual SIM ...",,"1.029,00 AED - 1.053,00 AED · Còn hàng",https://techorbitonline.net/products/samsung-galaxy-a35-5g-android-smartphone-dual-sim-mobile-phone-8gb-ram-uae-version-256-gb?srsltid=AfmBOorav5BhIyWgTL_Voq6Ieb_SskfYlhFXG0H_7yRIm5OfJWH93sQb
48,"Samsung Galaxy A15 5G - 128GB, Blue",Very,"3,8
(328) · 175,00 £ · Còn hàng",https://www.very.co.uk/samsung-galaxy-a15-5g-128gb-blue/1600971200.prd
49,Samsung Galaxy A06 Launched in Global Markets,MySmartPrice,"21 giờ trước — Others: Samsung Knox, Side-mounted fingerprint scanner, face unlock, 3.5mm audio jack. ... LG 11 Kg 5 Star Wind Semi-Automatic Washing Machine Review: Wind ...",https://www.mysmartprice.com/gear/mobiles/mobiles-news/samsung-galaxy-a06-launched-global-markets/
50,Samsung Galaxy A06 Launched in Global Markets,MySmartPrice,"21 giờ trước — Others: Samsung Knox, Side-mounted fingerprint scanner, face unlock, 3.5mm audio jack. ... LG 11 Kg 5 Star Wind Semi-Automatic Washing Machine Review: Wind ...",https://www.mysmartprice.com/gear/mobiles/mobiles-news/samsung-galaxy-a06-launched-global-markets/
51,Category: SAMSUNG KG LOCK,ROMDUMP,2 ngày trước — Samsung Galaxy A23 5G SM-A236E KG LOCK TO ACTIVE · REDMI 12R SKY NO NEED BOOTLOADER UNLOCK GLOBAL ROM · Redmi Note 12 Turbo AUTH FLASHING · S24 Ultra ...,https://romdump.org/category/samsung-kg-lock/
52,Compare Samsung Galaxy A55 5G vs Galaxy A25,NanoReview,"3 ngày trước — Samsung Galaxy A55 5G A556E 256GB Dual-SIM GSM Unlock... $343.87 · Samsung ... 0.68 W/kg, 0.46 W/kg. SAR (body), 1.04 W/kg, 1.19 W/kg. Sensors, - Hall-effect ...",https://nanoreview.net/en/phone-compare/samsung-galaxy-a55-vs-samsung-galaxy-a25
53,Archive,Campaign Brief Asia,5 ngày trước — Samsung Galaxy A55|A35 5G and Cheil India unlock a visual spectacle ft. Samsung Knox Vault. No Comments. Samsung Knox Vault is a security platform designed to ...,https://campaignbriefasia.com/archive/
54,Samsung Galaxy A55 5G smartphone 8/128GB (lyseblå),Elgiganten,"4,3
(309) · 2.888,00 DKK · Còn hàng",https://www.elgiganten.dk/product/mobil-tablet-smartwatch/mobiltelefon/samsung-galaxy-a55-5g-smartphone-8128gb-lysebla/761231
55,Samsung Galaxy A9 A920F (2018) 6GB/128GB ...,CeX,"0,00 £ - 115,00 £ · Hết hàng",https://uk.webuy.com/product-detail?id=ssama920f6g128gpo2c
56,Samsung Galaxy S21 5G Refurbished | Specs,Samsung,"4,0
(446)",https://www.samsung.com/uk/smartphones/galaxy-s/galaxy-s21-5g-phantom-gray-128gb-sm5g991bzadeub/?srsltid=AfmBOorgplc3oA7Xpam9UVLscWyhDOQfkKufftpRZsuqgplBB0Oa_57M
57,Jual Jasa Unlock Terlengkap & Harga Terbaru Agustus 2024,Shopee,"5,0
(76)",https://shopee.co.id/list/Jasa/Unlock
58,Samsung Galaxy A15 - Dual SIM - 128/4GB - Brave Black,ElRyan,161.250 IQD · Còn hàng,https://www.elryan.com/en/samsung-galaxy-a15-dual-sim-128-4gb.html?fbclid=IwZXh0bgNhZW0BMAABHRFBg13GjyPcAj6sX0TznmYAbzrawBz2EX3kbgsYazvNOizWLv9aaQTVxA_aem_PLtyoeHhPgpXhySsIbKwhw
59,st mo,,7 ngày trước — ...more ...more. Subscribe. Home. Videos. Shorts. Search. Shorts. Samsung KG MDM Unlock. 180 views · USB Redirector -USB for Remote - podłączanie - konfiguracja.,https://m.youtube.com/@jems100jems
60,Chu Việt Hà đã tham dự Hội thao xuyên Việt “Bứt phá thử ...,TikTok,7 ngày trước — ... Samsung Knox Vault trên Galaxy A55 | A35 5G. #Samsung #GalaxyA35 5G ... How to Unlock Samsung A13 Forgot Password · How to Unlock Phone If U Forgot ...,https://www.tiktok.com/@samsungvietnam/video/7402656883095391494
61,Samsung Galaxy A53 5G Dual SIM 256GB Awesome White,Carrefour Qatar,"1.499,00 QAR · Hết hàng",https://www.carrefourqatar.com/smartphones/samsung-a53-5g-256gb-white/p/930623?srsltid=AfmBOoqaQQq5ZXPMNFG_nT_Sk_VZa03j0ivRILwqloHFtgfPeurkYI7B
62,Liberar / Unlock Samsung Sprint [Todos los Modelos] - GeekCeL,geekcel.com,"8,00 US$",https://geekcel.com/articulos/unlock-servidor-software/liberar-unlock-samsung-sprint-todos-los-modelos/
63,"Device Management Unlock, Kg, Knox, Sam A Models",PicClick CA,"2 ngày trước — DEVICE MANAGEMENT UNLOCK, Kg, Knox, Sam A Models - $75.44. FOR SALE! DEVICE MANAGEMENT, KG, KNOX UNLOCK CONFIRM DEVICE BEFORE ORDER Supported Devices: - Sam ...",https://picclick.ca/Device-Management-Unlock-Kg-Knox-Sam-A-Models-395602922803.html
64,ScooterHacking Utility - Apps on Google Play,Google Play,"4,6
(291) · Miễn phí · Android · Tiện ích/công cụ",https://play.google.com/store/apps/details?id=sh.cfw.utility&hl=en_US
65,SamFw Tool,Pinoy Internet and Technology Forums,17 giờ trước — Samsung · Factory reset (Test mode) · Disable Knox (Test mode) · Disable Factory mode · KG Unlock (Untest) · Factory reset · Enable secret code for Verizon.,https://phcorner.net/threads/samfw-tool.2063923/
66,Samsung Galaxy A35 5G 8GB/128GB Dual Sim - ...,eGadgetsdeal,"214,99 £",https://www.egadgetsdeal.co.uk/samsung-galaxy-a35-5g-8gb-128gb-dual-sim-awesome-navy-a356e.html?srsltid=AfmBOoqvbuRzSoOB9GaGtcCMLoHdNqbATSsn5uPox2-0vn9sSSrqNT0F
67,MH GSM CLINIC,MH GSM CLINIC,"5 ngày trước — SAMSUNG A057F U2 KNOX KG UNLOCK FILE WITH UNLOCKTOOL. July 25, 2024 ; SAMSUNG A235F BINARY 1 KNOX MDM FILE TESTED WITH CHIMERA. June 21, 2024 ; ALL NEW ...",https://www.mhgsmclinic.com/search/label/Samsung%20mdm?m=1?&max-results=5
68,OurRules,,7 ngày trước — ... UNLOCK CODE 16 DIGIT/172 Digit Code Refund Roger Canada iPhone & Generic Samsung FRP Unlock by IMEI/SERIAL · Samsung KG Lock (Finance Lock) Check  ...,https://www.activationstore.com/pages/softwaredownload
69,"Samsung Galaxy A15 5G - 128GB, Black",Very,"3,8
(329) · 175,00 £ · Còn hàng",https://www.very.co.uk/samsung-galaxy-a15-5g-nbsp128gb-black/1600971208.prd
70,Cómo Desbloquear Remotamente el Teléfono Samsung ...,AirDroid,16 giờ trước — (Puedes restaurar los datos de tu teléfono si has hecho una copia de seguridad antes de este proceso.) 3. En Knox Manage (KM). Knox Manage es un servicio de ...,https://www.airdroid.com/es/remote-support/remotely-unlock-samsung-phone/
71,Samsung KG OFF - ROM and SOLUTION,romandsolution.com,4 ngày trước — ROM :ห้องรอม · Samsung · Samsung ORG · Samsung Unlock · Samsung KG OFF · Samsung Combination · Samsung Dump · OPPO · OPPO ORG · OPPO Unlock · OPPO Backup · Vivo.,https://www.romandsolution.com/rom/Samsung/kgoff
72,Samsung Galaxy A55 5G älypuhelin 8/128 GB (violetti),Gigantti,"4,2
(309) · 349,00 € · Còn hàng",https://www.gigantti.fi/product/puhelimet-tabletit-ja-alykellot/puhelimet/samsung-galaxy-a55-5g-alypuhelin-8128-gb-violetti/761233
73,Download MDM Fix Tool v1.0.3.5 - [Latest Version],MobileRdx,"7 ngày trước — If you're facing a problem with the Samsung KG Lock in your device, this guide is here to help. ... World First KG Unlock for Android 14 in EDL Mode! Directly ...",https://www.mobilerdx.com/2024/06/download-mdm-fix-tool-latest-version.html
74,Turbo Service Mobile Main page,TSM-Tool.com,7 ngày trước — 0.9 | 2024/06/15 13:55:26. Fix Samsung GSM Network(YOU-Sabafon) SAMSUNG SM-N9700 SAMSUNG ... Unlock Bootloader For Huawei - Allows to Remove FRP For Huawei - ...,https://tsm-tool.com/
75,Samsung Galaxy A06 now official,YugaTech,"2 ngày trước — ... Unlock Hidden TV Shows, Movies · Best Selling Phones of All Time · New Metro Manila Telephone Prefix Numbers. Top Mobile Brands. Apple, Asus, Cherry Mobile ...",https://www.yugatech.com/news/samsung-galaxy-a06-now-official/
76,Samsung Galaxy A35 | 6GB | 128GB | 5G | Lilac,Harvey Norman Ireland,"4,3
(149) · 399,00 € · Còn hàng",https://www.harveynorman.ie/mobile-phones/sim-free-phones/samsung-galaxy-a35-6gb-128gb-5g-lilac.html
77,Samsung Galaxy F15 5G | 8GB/256GB - PSK Arena,pskarena.co.ke,"23.999,00 KES · Còn hàng",https://www.pskarena.co.ke/product/samsung-galaxy-f15-5G?variant=8-gb-256-gb-456566
78,Android Multi Tool V1.2.7.8 Latest Update 2024,gsmteam360.com,"2 ngày trước — ... unlock any Android phone. Android Multi Tool can unlock any Android phone lock such as Frp Lock, Mi Account Lock, Samsung Frp, Samsung Kg Lock, MDM Lock, etc.",https://www.gsmteam360.com/2024/08/Android-Multi-Tool-V1-2-7-8.html
79,Download File,,"6 ngày trước — ... Samsung Factory Unlock Codes MIRACLE ACTIVATIONS (1YEAR, FRP, HUAWEI) · EME MOBILE TOOL SAMSUNG KG BYPASS T-UNLOCK CREDITS SAMSUNG MDM BYPASS SERVICE Sweden ...",https://gsmservice.shop/downloads
80,TV SAMSUNG QLED 50 Inchs Smart OS With Built in Receiver ...,ehabcenter.com,"47.319,00 EGP · Còn hàng",https://ehabcenter.com/product/tv-samsung-qled-50-inchs-smart-os-with-built-in-receiver-ultra-hd-4k-model-50qn90d/
81,Samsung Galaxy A55 5G smartphone 8/256GB (lilla),Elgiganten,"4,3
(293) · 2.999,00 DKK · Còn hàng",https://www.elgiganten.dk/product/mobil-tablet-smartwatch/mobiltelefon/samsung-galaxy-a55-5g-smartphone-8256gb-lilla/761225
82,Category: MDM LOCK,ROMDUMP,2 ngày trước — Category: MDM LOCK · Samsung Galaxy A21 A215U MDM · OPPO A17K CPH2417 MDM UNLOCK · VIVO Y15S MDM REMOVE · TECNO MDM IMEI SERVICES · REALME C55 RMX3710 MDM  ...,https://romdump.org/category/mdm-lock/
83,Dramatic change in Samsung One UI 7? Here's what it ...,Sammy Fans,"2 ngày trước — As always, the new One UI version will unlock improved performance, battery life, and security. ... Knox services, Galaxy Watch, and more. It protects from ...",https://www.sammyfans.com/2024/08/18/dramatic-change-in-samsung-one-ui-7-heres-what-it-could-be/
84,Solid state batteries to unlock a new battery paradigm,Investing.com,"3 ngày trước — Solid state batteries to unlock a new battery paradigm. ... kg, enabling EVs to achieve a range of 700-800 kilometers with rapid charging times of under 10 ...",https://www.investing.com/news/stock-market-news/solid-state-batteries-to-unlock-a-new-battery-paradigm-3576484
85,DÙNG TÍNH NĂNG ĐỌC TRANG WEB CỦA TRÌNH ...,TikTok - Make Your Day,5 ngày trước — Samsung Knox Not Detected · Samsung Knox Vault · Điện Thoại Samsung Z Flip 5 ... How to Unlock Bootloader Samsung · Bootloop Fix Xiaomi · Unlock Bootloader ...,https://www.tiktok.com/@truongbavietnhan/video/7403210268488027400
86,Watch LOTR Rings of Power Free on Samsung TV Plus,Samsung Global Newsroom,"5 ngày trước — Samsung Introduces Knox Manage Support for Smartwatches, Enhancing ... Image for Samsung Opens “Unlock Your Inner Champion” Sweepstakes. Monitors.",https://news.samsung.com/us/category/product
87,Samsung A03 SM-A035F_A035FXXS6CXA3_READ FILE ...,Getwayrom,3 ngày trước — Samsung A03 SM-A035F_A035FXXS6CXA3_READ FILE UNLOCK TOOL TESTED.zip. Date : 2024-08-17 12:13:28; Premium; Price : ₹40; File Size : 3.18 GB; Downloads : 0 ...,https://getwayrom.com/firmwares.php?firm=21479
88,Campaign Brief Asia,Campaign Brief Asia,13 giờ trước — Samsung Galaxy A55|A35 5G and Cheil India unlock a visual spectacle ft. Samsung Knox Vault. No Comments. Samsung Knox Vault is a security platform designed to ...,https://campaignbriefasia.com/
89,Watch: Drones bomb jungle with mosquitoes in fight ...,The Telegraph,5 ngày trước — World first project aims to unlock new weapon in war against virus that kills thousands every year.,https://www.telegraph.co.uk/global-health/science-and-disease/drones-bomb-jungle-with-mosquitoes-in-fight-against-dengue/
90,Watch: Drones bomb jungle with mosquitoes in fight ...,The Telegraph,5 ngày trước — World first project aims to unlock new weapon in war against virus that kills thousands every year.,https://www.telegraph.co.uk/global-health/science-and-disease/drones-bomb-jungle-with-mosquitoes-in-fight-against-dengue/
91,TV SAMSUNG QLED 65 Inchs Smart OS With Built in Receiver ...,ehabcenter.com,"70.998,00 EGP · Còn hàng",https://ehabcenter.com/product/tv-samsung-qled-65-inchs-smart-os-with-built-in-receiver-ultra-hd-4k-model-65qn90d/
92,Samsung Galaxy S23 FE Smartphone,Verizon,"4,6
(4.125) · 0,00 US$ - 659,99 US$ · Còn hàng",https://www.verizon.com/smartphones/samsung-galaxy-s23-fe/
93,Download Qualcomm SDM450 Tool Free AUTH Unlock FRP ...,gsmteam360.com,"12 giờ trước — Also read :Lion Tool All Samsung Kg Unlock 2024 Free Download. Erase Screen (Pattern, Password, Pin) Lock. One Click FRP Remove. Unlock & Relock Bootloader.",https://www.gsmteam360.com/2024/08/Qualcomm-SDM450-Tool.html
94,Samsung Galaxy S24 Plus vs Nubia Red Magic 9s Pro,Smartprix,"18 giờ trước — Face Unlock, Yes, Yes. Sensors, Accelerometer, Barometer, Gyro Sensor ... Yes. Extra Features, E-Sim, Circle to Search, Live Translate, Transcript Assist, Photo ...",https://www.smartprix.com/mobiles/nubia_red_magic_9s_pro_vs_samsung_galaxy_s24_plus-cpd1hwak5fj0_pd1dbt0q4j6.php
95,Oil prices rise on hopes of US rate cuts boosting fuel demand,The Economic Times,5 ngày trước — Unlock 500+ Stock Recos on App. U.S. crude oil stockpiles rose by 1.4 million ... Gold rises ...,https://m.economictimes.com/markets/commodities/news/oil-prices-rise-on-hopes-of-us-rate-cuts-boosting-fuel-demand/articleshow/112539902.cms
96,Samsung Boosts Galaxy A And Tab S9 FE With Circle To Search,ohsem.me,5 ngày trước — “These updates unlock new possibilities for the Galaxy A series and Galaxy ... Samsung Knox on Galaxy A35 Review: Level Up Your Security on a Budget.,https://ohsem.me/2024/08/galaxy-a-and-tab-s9-fe-with-circle-to-search/
97,Best Tablets: Top Android and iPad Slates That Are ...,Times of India,"15 giờ trước — Samsung Galaxy Tab S9 Ultra, 14.6-inch, 4.5/5, Rs. 1,22,999. Lenovo Tab P12 ... Biometrics: Face Unlock; Cameras: 8MP Rear & 8MP Front; Dimensions: 25 x 1.98 ...",https://timesofindia.indiatimes.com/hot-picks/best-tablets-top-android-and-ipad-slates-that-are-incredibly-powerful-and-feature-replete/articleshow/112629016.cms
98,Hidden menues/features on the galaxy watch 1,Reddit,8 giờ trước — Click at Model Number a few times to turn on knox enrollment service. · Go to Software and click at the Software Version a few times to unlock developer options.,https://www.reddit.com/r/GalaxyWatch/comments/1ewd08n/hidden_menuesfeatures_on_the_galaxy_watch_1/
99,MDM/kg locked - KG Samsung A042m B1 bit 1 u1,Hosting Unlock Repair Expertos,4 giờ trước — Hosting Unlock Repair Expertos. Monday 19.08.2024. 17:00:05. Menú. Hosting ... MDM/kg locked KG Samsung A042m B1 bit 1 u1. Iniciador del tema servergsm ...,https://hostingunlock.com/threads/kg-samsung-a042m-b1-bit-1-u1.73393/post-111297
100,Samsung Galaxy Z Fold 6 review - The dustproof foldable ...,Notebookcheck,"86%
· Đánh giá bởi Marcus Herbrich",https://www.notebookcheck.net/Samsung-Galaxy-Z-Fold-6-review-The-dustproof-foldable-smartphone-with-an-S-Pen-gets-throttled.877030.0.html
101,Samsung - ROM and SOLUTION,romandsolution.com,6 ngày trước — Samsung · Samsung ORG · Samsung Unlock · Samsung KG OFF · Samsung Combination ... KNOX VERSION · Samsung · ราคาซ่อมศูนย์ · เช็ครุ่น · samsung.,https://www.romandsolution.com/rom/Samsung
102,Download Xiaomi Mi 11 Firmware ROM TWRP,MiFirm,"6 giờ trước — After unlock bootloader the device, your phone becomes more vulnerable and ... Samsung Firmware, Samsung Firmware Download, Firmware Samsung, Download  ...",https://mifirm.net/download/13171
103,Samsung Galaxy Z Flip 5 vs Nothing Phone (2a) Plus,PhoneArena,1 ngày trước — Yes; IP54. Biometrics: Fingerprint (touch). In-screen fingerprint. Keys: Left: Volume control; Right: Lock/Unlock key ... 1.16 W/kg. Body: 0.43 W/kg ...,"https://www.phonearena.com/phones/compare/Samsung-Galaxy-Z-Flip-5,Nothing-Phone-2a-Plus/phones/12029,12407"
104,"Samsung Galaxy A35 5G Specs (128GB, Awesome Navy)",Samsung,"4,4
(1.082) · 649,00 NZ$ · Còn hàng",https://www.samsung.com/nz/smartphones/galaxy-a/galaxy-a35-5g-awesome-navy-128gb-sm-a356ezkbxnz/
105,SamFW Tool Download V4.9 [FRP] Latest Version,bypassfrpfiles.com,"4 ngày trước — ... Samsung *#0*# (Test Mode) and Bypass the FRP lock. Also, the tool offers Factory Reset, Auth Bypass, MDM Remove, flash firmware, KG unlock, etc at no cost.",https://bypassfrpfiles.com/2022/05/samfw-frp-tool/
106,Galaxy S20 Plus Cloud Blue 128GB - Android Phones,Carousell,"80,00 SGD",https://www.carousell.sg/p/galaxy-s20-plus-cloud-blue-128gb-1320869936/
107,Samsung Galaxy A15 128GB / 4GB Android Dual-Sim ...,Video Games Malta,"169,00 € · Còn hàng",https://videogamesmalta.com/product/samsung-galaxy-a15-128gb-4gb-android-dual-sim-smartphone/
108,Cart,,6 ngày trước — ... KG Perseus Bypass Pro - All Models Samsung KG Lock (Finance Lock) Check Samsung FRP Unlock by IMEI/SERIAL Refund Roger Canada iPhone & Generic · REALME ...,https://gsmfaeem.com/cart/group/9944/service/imei/groupname/Xiaomi-Mi-Account-Remove
109,Samsung Galaxy S9 vs Google Pixel 9 - specs comparison,PhoneArena,"16 giờ trước — Iris scanner, 2D Face unlock, Fingerprint (touch). In-screen fingerprint ... 0.35 W/kg. Body: 0.96 W/kg. Simultaneous Transmission: 1.59 W/kg. Wireless ...","https://www.phonearena.com/phones/compare/Samsung-Galaxy-S9,Google-Pixel-9/phones/10716,12284"
110,Fenris Samsung Tool - Cart - KMUNLOCK,,3 ngày trước — HXRU CREDITS Policy services Refund Roger Canada iPhone & Generic Unlock Codes Services Samsung KG Perseus Bypass Pro - All Models Samsung UK Unlock Code ...,https://kmunlock.com/cart/group/1604/service/server/groupname/Fenris-Samsung-Tool
111,Turbo Service Mobile Tool Free New Update V1.1.2 [TSM],Software Crack Guru,"6 ngày trước — So, full credits go to the developer for sharing the tool for free. Tags: ADB Tools Fastboot Tools Flashing Tools MediaTek Tool qualcomm tool Unlock~ ...",https://www.softwarecrackguru.com/2024/03/turbo-service-mobile-tool-free-new.html
112,Samsung Galaxy Z Fold3 5G vs Apple iPhone X,Cashify,"1 ngày trước — Head: 1.08 W/kg, Body: 1.17 W/kg. Network & Connectivity. GPS. Yes A-GPS ... Face Unlock. Yes. -. Latest Comparisons. cashify. VS. cashify. Know More · cashify.",https://www.cashify.in/compare/samsung-galaxy-fold-3-vs-iphone-x
113,Xiaomi Fire Tool XFT - Cart - iphoneunlocks.in,iphoneunlocks.in,2 ngày trước — Samsung KG Perseus Bypass Pro - All Models NOKIA O2 TESCO UK OPEN MENU ... Samsung FRP Unlock by IMEI/SERIAL · Server Services · IC PERMANENT 60-70% CLEAN ...,https://iphoneunlocks.in/cart/group/1319/service/server/groupname/Xiaomi-Fire-Tool-XFT
114,Samsung Special Tool V5.0 KG Unlock Latest Version ...,bypassfile.com,5 ngày trước — Samsung Special Tool V5.0 KG Unlock is a virtual Android Windows program and unlock tool. This tool is an important and indispensable tool for your de.,https://www.bypassfile.com/2024/08/samsung-special-tool-v5.0.html
115,TEST POINT TO RESET FRP IN SAMSUNG A05S|SM- ...,YouTube,7 ngày trước — ... kg lock #a12s #unlock sm a127f #mkopa mdm bypass #sm-a127f ui #imei # ... Enter Your PIN to Unlock It Samsung 2023. Lilly Roberts•25K views · 9:51 · Go to ...,https://www.youtube.com/watch?v=0RuVLCQSEo0
116,TFT Unlocker Tool V1.0 has been Released in 2024 Free ...,gsmtoolstarmobilecare.com,3 ngày trước — Unlock Operation · Reset Protection (FRP) · Reset FRP (Erase Method) · Reset FRP (Samsung) · Reset FRP (Samsung) New · Reset MDM (Samsung) · Reset KG () ...,https://www.gsmtoolstarmobilecare.com/2024/08/tft-unlocker-tool-v10-has-been-released.html
117,SamFw FRP Tool 4.9 Samsung FRP Bypass Tool,gsmatoztools.com,"2 ngày trước — Samfw Frp Tool Version 4.9 Allows Users To Perform Various Functions, Including Factory Reset, Unlock Frp New Security, Disable Knox And Reboot Their Device ...",https://gsmatoztools.com/samfw-frp-tool/
118,Download ZeroKnox Removal Tool v1.6 – One Click FRP ...,samupdates.com,"24 giờ trước — There's no denying that the ZeroKnox Removal Tool is the most effective method to unlock Samsung phones regardless of the Android version. Similarly, the ...",https://www.samupdates.com/tools/download-zeroknox-removal-tool/
119,EME Mobile Tool - Cart - iphoneunlocks.in,iphoneunlocks.in,2 ngày trước — Samsung KG Perseus Bypass Pro - All Models NOKIA O2 TESCO UK OPEN MENU ... Samsung FRP Unlock by IMEI/SERIAL · Server Services · IC PERMANENT 60-70% CLEAN ...,https://iphoneunlocks.in/cart/group/1314/service/server/groupname/EME-Mobile-Tool
120,TEST POINT TO RESET FRP IN SAMSUNG A05S|SM- ...,YouTube,7 ngày trước — ... kg lock #a12s #unlock sm a127f #mkopa mdm bypass #sm-a127f ui #imei # ... Enter Your PIN to Unlock It Samsung 2023. Lilly Roberts•25K views · 9:51 · Go to ...,https://www.youtube.com/watch?v=0RuVLCQSEo0
121,TFT Unlocker Tool V1.0 has been Released in 2024 Free ...,gsmtoolstarmobilecare.com,3 ngày trước — Unlock Operation · Reset Protection (FRP) · Reset FRP (Erase Method) · Reset FRP (Samsung) · Reset FRP (Samsung) New · Reset MDM (Samsung) · Reset KG () ...,https://www.gsmtoolstarmobilecare.com/2024/08/tft-unlocker-tool-v10-has-been-released.html
122,SamFw FRP Tool 4.9 Samsung FRP Bypass Tool,gsmatoztools.com,"2 ngày trước — Samfw Frp Tool Version 4.9 Allows Users To Perform Various Functions, Including Factory Reset, Unlock Frp New Security, Disable Knox And Reboot Their Device ...",https://gsmatoztools.com/samfw-frp-tool/
123,Samsung Galaxy A15 4G 8GB RAM 128GB,cybercornerstore.com,"2 ngày trước — Super Vivid and Bright Display · Balanced Simplicity · Pick Your Lens, Find Your Angle · Stay in the Zone with a 2-Day Battery · Trust in Samsung Knox Vault · Unlock ...",https://cybercornerstore.com/product/samsung-galaxy-a15-4g-8gb-ram-128gb/
124,Download ZeroKnox Removal Tool v1.6 – One Click FRP ...,samupdates.com,"24 giờ trước — There's no denying that the ZeroKnox Removal Tool is the most effective method to unlock Samsung phones regardless of the Android version. Similarly, the ...",https://www.samupdates.com/tools/download-zeroknox-removal-tool/
125,ic permanent 60-70% clean - Cart - iphoneunlocks.in,iphoneunlocks.in,2 ngày trước — Samsung KG Perseus Bypass Pro - All Models NOKIA O2 TESCO UK OPEN MENU ... Samsung FRP Unlock by IMEI/SERIAL · Server Services · IC PERMANENT 60-70% CLEAN ...,https://iphoneunlocks.in/cart/group/1288/service/imei/groupname/IC-PERMANENT-6070-CLEAN
126,"Samsung A04e Frp Bypass Android 13, A042F Google ...",YouTube,"7 ngày trước — Samsung A04e Frp Bypass Android 13, A042F Google Account Remove 2024 Free 100%✓ How To Search Keyword :- Samsung a04e frp unlock tool Samsung a04e frp umt ...",https://www.youtube.com/watch?v=_uChBZMgQNw
127,"Samsung Galaxy A35 5G Specs (128GB, Awesome Lilac)",Samsung,"4,4
(1.082) · 649,00 NZ$ · Còn hàng",https://www.samsung.com/nz/smartphones/galaxy-a/galaxy-a35-5g-awesome-lilac-128gb-sm-a356elvbxnz/
128,ZXW Schematic - Cart - KMUNLOCK,,5 ngày trước — HXRU CREDITS Policy services Refund Roger Canada iPhone & Generic Unlock Codes Services Samsung KG Perseus Bypass Pro - All Models Samsung UK Unlock Code ...,https://kmunlock.com/cart/group/1906/service/server/groupname/ZXW-Schematic
129,MobileRdx - Best In Gsm Software And Hardware Solution,MobileRdx,"2 ngày trước — Samsung Galaxy F42 5G SM-E426B ISP EMMC PinOUT | Test Point Are you looking to troubleshoot, fix hardware issues, or unlock your… Motorola Moto G34 Test Point ...",https://www.mobilerdx.com/
130,Galaxy S21 Ultra 5G Certified Re-Newed,Samsung,"639,00 £",https://www.samsung.com/uk/business/smartphones/galaxy-s/galaxy-s21-ultra-5g-phantom-black-128gb-sm5g998bzkdeub/?srsltid=AfmBOor4Ql1Uj9JIBSzPeNUnceVENrBMvdnGw_bAOO0Vy55CRZVmj_Nn
131,Homepage - Gssamc.Com: Your Global Marketplace – Buy ...,Gssamc.Com,19 giờ trước — ALL SPD MDM BYPASS SOLUTION FOR TECNO AND INFINIX 2024 SEC · $35 $15 ; iCloud Unlock Service for iPhone 15/14/13/12/11/XS MAX/XS/XR/X/8/7/6S/6 With Network · $220 ...,https://gssamc.com/
132,"Samsung Galaxy A15 5G Specs (Light Blue, 128GB)",Samsung,"4,5
(1.564) · 399,00 NZ$ · Còn hàng",https://www.samsung.com/nz/smartphones/galaxy-a/galaxy-a15-5g-light-blue-128gb-sm-a156elbdxnz/
133,GSM Sheraz - Home Of Mobile Solutions,GSM Sheraz - Home Of Mobile Solutions,"4 ngày trước — Download Almaradi Soft Tool V1.0 Samsung Frp And KG Unlock. July 05, 2024 ...",https://www.latestgsmtools.xyz/
134,Sreen lock - Samsung Community - 2984770,us.community.samsung.com,15 giờ trước — ... unlock my phone screen lock. 0 Likes. Reply. All topics · Next ... Knox Enterprise MDM permissions in Chrome & Other Mngmt App Acrivity in Galaxy S23 a week ago ...,https://us.community.samsung.com/t5/Galaxy-S23/Sreen-lock/td-p/2984770
135,GSM ATOZ TOOL,GSM ATOZ TOOL,17 giờ trước — LU WiFi Tool V1.0 Bypass iOS 15-17. · Android Multi Tool v1.2.7. · TSM Tool Turbo Service Mobile V1.1.2 Repair-Flash-Unlock-Utility Tool · SamFw FRP Tool 4.9 Free ...,https://gsmatoztool.com/
136,"Galaxy A25 5G Specs (Blue Black, 256GB)",Samsung,"4,2
(148)",https://www.samsung.com/my/smartphones/galaxy-a/galaxy-a25-5g-blue-256gb-sm-a256ezkhxme/?srsltid=AfmBOoqg3S6ktlY2eWRjjx5Lr38jl-iS9IVXY8L6xJrkzUZfftQZzpvw
137,"Galaxy S23 FE | Features, Specs & Colours",Samsung,"599,00 £",https://www.samsung.com/uk/business/smartphones/galaxy-s/galaxy-s23-fe-mint-128gb-sm-s711blgdeub/?srsltid=AfmBOooR0Uw8eIG3q8UC_n2cwtZxKpMkQM6vwaaK7s68GHrJ5XGBPejt
138,The Latest Samsung Deals & Offers | Samsung Philippines,Samsung,7 giờ trước — Unlock epic bundle savings! Save instantly when you bundle your phone with our latest Galaxy Buds & Watches. Valid from Jul 31. 2024 ~ Sep 30. 2024.,https://www.samsung.com/ph/offer/
139,Galaxy A53 5G | SM-A536BZKNEEB,Samsung,"459,00 €",https://www.samsung.com/es/business/smartphones/galaxy-a/a53-sm-a536bzkneeb/
140,The Latest Samsung Deals & Offers | Samsung Philippines,Samsung,7 giờ trước — Unlock epic bundle savings! Save instantly when you bundle your phone with our latest Galaxy Buds & Watches. Valid from Jul 31. 2024 ~ Sep 30. 2024.,https://www.samsung.com/ph/offer/
141,Galaxy A53 5G | SM-A536BZKNEEB,Samsung,"459,00 €",https://www.samsung.com/es/business/smartphones/galaxy-a/a53-sm-a536bzkneeb/
142,Samsung Galaxy A14 5G | View Specs & Camera,Samsung,"4,4
(1.094)",https://www.samsung.com/uk/smartphones/galaxy-a/galaxy-a14-5g-silver-64gb-sm-a146pzsdeub/?srsltid=AfmBOorEO3GQCNlw_IdqWaV-5wxmGsQnrJyVzT9EDYQzSOGmCuDxJ0-s
143,Galaxy A53 5G Enterprise Edition,Samsung,"459,00 £",https://www.samsung.com/uk/business/smartphones/galaxy-a/galaxy-a53-5g-awesome-black-128gb-sm-a536bzkneeb/?srsltid=AfmBOorYd_H7yoDPl8DZlNpoWKJg9l6xdyA6Rd5u4KHXm_YEzFxHhTa4
144,"Galaxy A25 5G Specs (Blue, 256GB) | Samsung Malaysia",Samsung,"4,2
(148)",https://www.samsung.com/my/smartphones/galaxy-a/galaxy-a25-5g-blue-256gb-sm-a256ezbhxme/?srsltid=AfmBOopCt6-M0rQHY7QmJVAbMzriB1WBiIPthKISW8ckUcgUIBwmdWO9
145,S93D 65 Inch 2024 OLED 4K AI TV | Price & Reviews,Samsung,"5,0
(1) · 2.099,00 £ · Còn hàng",https://www.samsung.com/uk/tvs/oled-tv/s93d-65-inch-oled-4k-tizen-os-smart-tv-qe65s93datxxu/?srsltid=AfmBOooNNhwSFeWiUAZXz_JysKNfpFyl5H-YpyUNFicytqOgak8ChNyL
146,Advanced Features,Samsung,"1 ngày trước — Knox Security · Knox Software & Services · Care+ for Business. Computing ... If needed, unlock your phone. If it's your first time using DeX, a popup ...",http://www.samsung.com/us/support/answer/ANS00091489/
147,Buy Galaxy S23FE in Indigo Colour (256GB),Samsung,"4,7
(3.919)",https://www.samsung.com/nz/smartphones/galaxy-s/galaxy-s23-fe-blue-256gb-sm-s711bzbcxnz/
148,Samsung Galaxy S24 for Business | View Specs,Samsung,"699,00 £",https://www.samsung.com/uk/business/smartphones/galaxy-s/galaxy-s24-amber-yellow-128gb-sm-s921bzydeub/?srsltid=AfmBOop--jGS1s_-shjdpoeDEgmuhalD5hDQBZCYAXMbh4jhkpbNhgAs
149,"Galaxy A25 5G Specs (Yellow, 256GB)",Samsung,"4,2
(148) · 1.099,00 MYR · Còn hàng",https://www.samsung.com/my/smartphones/galaxy-a/galaxy-a25-5g-yellow-256gb-sm-a256ezyhxme/?srsltid=AfmBOoo49J4BzVbwzvEHebIBXbKXqT9_WogvV4mT4UQd__6px67nPUbe
150,Galaxy A25 5G Blue Black 128 GB - Smartphones,Samsung,"4,1
(28) · 689,00 AED · Còn hàng",https://www.samsung.com/ae/smartphones/galaxy-a/galaxy-a25-5g-blue-black-128gb-sm-a256ezkdmea/
151,"Galaxy Ring, Size 8, Titanium Black",Samsung,"4,4
(163)",https://www.samsung.com/us/business/rings/galaxy-ring/all/galaxy-ring-size-8-titanium-black-sm-q508nzkaxar/
152,"Galaxy Watch Ultra 47mm, Titanium White",Samsung,"4,7
(1.386)",https://www.samsung.com/us/business/mobile/wearables/smartwatches/galaxy-watch-ultra-47mm-titanium-white-sm-l705uzwaxaa/
